{
  "mae": 6.464147286821683,
  "size": [
    1376,
    176
  ],
  "maePctOf255": 2.5349597203222287
}